,Station Id,Station Name,Neighbourhood
0,7000,Fort York  Blvd / Capreol Ct,Waterfront Communities-The Island 
1,7001,Wellesley Station Green P,Church-Yonge Corridor 
2,7002,St. George St / Bloor St W,University 
3,7003,Madison Ave / Bloor St W,Annex 
4,7004,University Ave / Elm St,Kensington-Chinatown 
5,7005,King St W / York St,Bay Street Corridor 
6,7006,Bay St / College St (East Side),Bay Street Corridor 
7,7007,College St / Huron St,Kensington-Chinatown 
8,7008,Wellesley St / Queen's Park Cres,Bay Street Corridor 
9,7009,King St E / Jarvis St,Church-Yonge Corridor 
10,7010,King St W / Spadina Ave,Waterfront Communities-The Island 
11,7011,Wellington St W / Portland St,Waterfront Communities-The Island 
12,7012,Elizabeth St / Edward St (Bus Terminal),Bay Street Corridor 
13,7013,Scott St / The Esplanade,Waterfront Communities-The Island 
14,7014,Sherbourne St / Carlton St (Allan Gardens),Moss Park 
15,7015,King St W / Bay St (West Side),Bay Street Corridor 
16,7016,Bay St / Queens Quay W (Ferry Terminal),Waterfront Communities-The Island 
17,7017,Widmer St / Adelaide St W,Waterfront Communities-The Island 
18,7018,Bremner Blvd / Rees St,Waterfront Communities-The Island 
19,7019,Temperance St. Station,Bay Street Corridor 
20,7020,Phoebe St / Spadina Ave,Kensington-Chinatown 
21,7021,Bay St / Albert St,Bay Street Corridor 
22,7022,Simcoe St / Queen St W,Bay Street Corridor 
23,7023,College St / Borden St,University 
24,7024,Dundonald St / Church St,Church-Yonge Corridor 
25,7025,Ted Rogers Way / Bloor St E,Church-Yonge Corridor 
26,7026,Bay St / St. Joseph St,Bay Street Corridor 
27,7027,Beverley  St / Dundas St W,Kensington-Chinatown 
28,7028,Gould St / Mutual St,Church-Yonge Corridor 
29,7029,Bay St / Bloor St W (East Side),Bay Street Corridor 
30,7030,Bay St / Wellesley St W,Bay Street Corridor 
31,7031,Jarvis St / Isabella St,North St.James Town 
32,7032,Augusta Ave / Dundas St W,Kensington-Chinatown 
33,7033,Union Station,Waterfront Communities-The Island 
34,7034,Church St / Bloor St E,Rosedale-Moore Park 
35,7035,Queen St W / Ossington Ave,Niagara 
36,7036,Trinity St /Front St E,Waterfront Communities-The Island 
37,7037,Bathurst St / Dundas St W,Kensington-Chinatown 
38,7038,Dundas St W / Yonge St,Bay Street Corridor 
39,7039,Simcoe St / Michael Sweet Ave,Kensington-Chinatown 
40,7040,Euclid Ave / Bloor St W,Annex 
41,7041,Edward St / Yonge St,Bay Street Corridor 
42,7042,Sherbourne St / Wellesley St E,North St.James Town 
43,7043,Queens Quay W / Lower Simcoe St,Waterfront Communities-The Island 
44,7044,Church St / Alexander St,Church-Yonge Corridor 
45,7045,Bond St / Queen St E,Church-Yonge Corridor 
46,7046,Niagara St / Richmond St W,Niagara 
47,7047,University Ave / Gerrard St W (East Side),Bay Street Corridor 
48,7048,Front St W / Yonge St (Hockey Hall of Fame),Waterfront Communities-The Island 
49,7049,Queen St W / Portland St,Waterfront Communities-The Island 
50,7050,Richmond St E / Jarvis St Green P,Church-Yonge Corridor 
51,7052,Wellington St W / Bay St,Bay Street Corridor 
52,7053,Metro Hall Plaza,Waterfront Communities-The Island 
53,7054,Navy Wharf Ct. / Bremner Blvd.,Waterfront Communities-The Island 
54,7055,Jarvis St / Carlton St,Moss Park 
55,7056,Parliament St / Gerrard St,Regent Park 
56,7057,Simcoe St / Wellington St South,Bay Street Corridor 
57,7058,Huron/ Harbord St,University 
58,7059,Front St W / Blue Jays Way,Waterfront Communities-The Island 
59,7060,Princess St / Adelaide St E,Moss Park 
60,7061,Dalton Rd / Bloor St W,Annex 
61,7062,University Ave / College St (West),Kensington-Chinatown 
62,7063,Queen's Park / Bloor St W,Bay Street Corridor 
63,7064,51 Parliament St,Moss Park 
64,7065,Dundas St E / Parliament St,Regent Park 
65,7066,Willcocks St / St. George St,University 
66,7067,Yonge St / Harbour St,Waterfront Communities-The Island 
67,7068,Blantyre Park,Birchcliffe-Cliffside 
68,7069,Queen St W / Spadina Ave,Kensington-Chinatown 
69,7070,25 York St â€“ Union Station South,Waterfront Communities-The Island 
70,7071,161 Bleecker St (South of Wellesley),Cabbagetown-South St.James Town 
71,7072,Fleet St / Bathurst St,Niagara 
72,7073,Spadina Ave / Fort York Blvd,Waterfront Communities-The Island 
73,7074,King St E / Church St,Church-Yonge Corridor 
74,7075,Queens Quay W / Dan Leckie Way,Waterfront Communities-The Island 
75,7076,York St / Queens Quay W,Waterfront Communities-The Island 
76,7077,College Park South,Bay Street Corridor 
77,7078,College St / Major St,University 
78,7079,McGill St / Church St,Church-Yonge Corridor 
79,7083,Danforth Ave / Barrington Ave,East End-Danforth 
80,7084,High Park - Grenadier Cafe,High Park-Swansea 
81,7085,Danforth Ave / Westlake Ave,East End-Danforth 
82,7086,High Park - West Rd,High Park-Swansea 
83,7087,Danforth Ave / Aldridge Ave,Woodbine Corridor 
84,7088,Danforth Ave / Coxwell Ave,Woodbine Corridor 
85,7089,Church St  / Wood St,Church-Yonge Corridor 
86,7090,Danforth Ave / Lamb Ave,Greenwood-Coxwell 
87,7091,Donlands Station,Danforth 
88,7092,Pape Subway Green P,Danforth 
89,7093,Danforth Ave / Gough Ave,North Riverdale 
90,7094,Chester Station,Playter Estates-Danforth 
91,7095,Danforth Ave / Ellerbeck St,Playter Estates-Danforth 
92,7096,Lower Don River Trail and Taylor Creek Trail,Old East York 
93,7097,Riverdale Park North (Broadview Ave),North Riverdale 
94,7098,Riverdale Park South (Broadview Ave),North Riverdale 
95,7099,Cherry St / Mill St,Waterfront Communities-The Island 
96,7100,Dundas St E / Regent Park Blvd,Regent Park 
97,7101,Lower Sherbourne St / The Esplanade,Waterfront Communities-The Island 
98,7102,Nelson St / Duncan St,Waterfront Communities-The Island 
99,7103,Jimmie Simpson Park (Queen St E),South Riverdale 
100,7104,King St E / River St,Moss Park 
101,7105,Queen St E / Sackville St,Moss Park 
102,7106,Mill St / Tannery Rd,Waterfront Communities-The Island 
103,7107,Cherry St / Distillery Ln,Waterfront Communities-The Island 
104,7108,Front St E / Cherry St,Waterfront Communities-The Island 
105,7109,Seaton St / Dundas St E - SMART,Moss Park 
106,7110,Queen St E / Berkeley St,Moss Park 
107,7111,King St W / Douro St,Niagara 
108,7112,Liberty St / Fraser Ave Green P,South Parkdale 
109,7113,Parliament St / Aberdeen Ave,Cabbagetown-South St.James Town 
110,7114,Carlton St / Parliament St,Cabbagetown-South St.James Town 
111,7115,Howard St / Sherbourne St,North St.James Town 
112,7117,640 Bloor Street E,Rosedale-Moore Park 
113,7118,King St W / Bay St (East Side),Bay Street Corridor 
114,7119,Sumach St / Carlton St. (Riverdale Farm),Cabbagetown-South St.James Town 
115,7120,Gerrard St E / River St,Cabbagetown-South St.James Town 
116,7121,Jarvis St / Dundas St E,Church-Yonge Corridor 
117,7122,Niagara St / Tecumseth St,Niagara 
118,7123,424 Wellington St W,Waterfront Communities-The Island 
119,7124,Dundas St E / Broadview Ave,South Riverdale 
120,7126,Yonge St / Yorkville Ave,Annex 
121,7127,Bay St / Scollard St,Annex 
122,7128,Yonge St / Aylmer Ave,Rosedale-Moore Park 
123,7129,Davenport Rd / Avenue Rd,Annex 
124,7130,Davenport Rd / Bedford Rd,Annex 
125,7131,Taddle Creek Park,Annex 
126,7132,Kendal Ave / Spadina Rd,Annex 
127,7133,Summerhill Station,Rosedale-Moore Park 
128,7134,Marlborough Ave / Yonge St,Annex 
129,7135,Hanna Ave / Liberty St,Niagara 
130,7136,Queen St W / Close Ave,South Parkdale 
131,7137,Davenport Rd / Bathurst St,Wychwood 
132,7138,Davenport Rd / Christie St,Wychwood 
133,7139,Glen Edyth Dr / Davenport Rd,Casa Loma 
134,7140,Macpherson Ave / Spadina Rd,Casa Loma 
135,7141,Bridgeman Ave / Kendal Ave,Casa Loma 
136,7142,Bridgeman Ave / Bathurst St,Casa Loma 
137,7143,Kendal Ave / Bernard Ave,Annex 
138,7144,Palmerston Ave / Vermont Ave,Annex 
139,7146,Christie St / Benson Ave (Wychwood Barns),Wychwood 
140,7147,King St W / Fraser Ave,South Parkdale 
141,7148,King St W / Joe Shuster Way,South Parkdale 
142,7149,Yarmouth Rd / Christie St,Annex 
143,7150,Dufferin St / Sylvan Av (Dufferin Grove Park),Dufferin Grove 
144,7151,Essex St / Christie St - SMART,Annex 
145,7152,Ossington Ave / Bloor St W,Palmerston-Little Italy 
146,7153,Bloor St W / Christie St,Dovercourt-Wallace Emerson-Junction 
147,7154,Bathurst Subway Station,Annex 
148,7155,Bathurst St / Lennox St,University 
149,7156,Salem Ave / Bloor St W,Dovercourt-Wallace Emerson-Junction 
150,7157,Dufferin St / Bloor St,Dovercourt-Wallace Emerson-Junction 
151,7158,King St W / Stafford St,Niagara 
152,7160,King St W / Tecumseth St,Niagara 
153,7161,Beverley St / College St,Kensington-Chinatown 
154,7162,Hayter St / Laplante Ave,Bay Street Corridor 
155,7163,Yonge St / Wood St,Church-Yonge Corridor 
156,7164,Gould St / Yonge St (Ryerson University),Church-Yonge Corridor 
157,7167,Queen St E / George St (Moss Park),Moss Park 
158,7168,Queens Quay / Yonge St,Waterfront Communities-The Island 
159,7169,Front St W / Bay St (North Side),Bay Street Corridor 
160,7170,Spadina Ave / Willcocks St,University 
161,7171,Ontario Place Blvd / Lake Shore Blvd W (East),Niagara 
162,7172,Strachan Ave / Princes' Blvd,Niagara 
163,7173,Cariboo St / Rail Path,Dovercourt-Wallace Emerson-Junction 
164,7174,Bloor St W / Dundas St W,Roncesvalles 
165,7175,HTO Park (Queens Quay W),Waterfront Communities-The Island 
166,7176,Bathurst St / Fort York Blvd,Waterfront Communities-The Island 
167,7177,East Liberty St / Pirandello St,Niagara 
168,7178,Dundas St W / Edna Ave,High Park North 
169,7179,Bloor GO / UP Station (West Toronto Railpath),Dovercourt-Wallace Emerson-Junction 
170,7180,Lansdowne Subway Station,Dovercourt-Wallace Emerson-Junction 
171,7181,Lansdowne Ave / Whytock Ave,Dufferin Grove 
172,7182,Sterling Rd / Dundas St W,Dufferin Grove 
173,7183,St Clarens Ave / College St,Dufferin Grove 
174,7184,Ossington Ave / College St,Palmerston-Little Italy 
175,7188,Exhibition GO (Atlantic Ave),Niagara 
176,7189,Augusta Ave / Denison Sq,Kensington-Chinatown 
177,7190,St. George St / Hoskin Ave,University 
178,7191,Central Tech  (Harbord St),University 
179,7192,Harbord St / Clinton St,Palmerston-Little Italy 
180,7193,Queen St W / Gladstone Ave,Little Portugal 
181,7194,Mortimer Ave / Coxwell Ave,Danforth East York 
182,7195,Ulster St / Bathurst St,University 
183,7196,Roxton Rd / Harbord St,Palmerston-Little Italy 
184,7197,Queen St W / Dovercourt Rd,Little Portugal 
185,7198,Queen St W / Cowan Ave,South Parkdale 
186,7199,College St / Markham St,Palmerston-Little Italy 
187,7202,Queen St W / York St (City Hall),Bay Street Corridor 
188,7203,Bathurst St/Queens Quay(Billy Bishop Airport),Niagara 
189,7204,College St / Crawford St,Trinity-Bellwoods 
190,7205,Rusholme Park Cres / College St,Little Portugal 
191,7206,Claremont St / Dundas St W,Trinity-Bellwoods 
192,7207,Dundas St W / Crawford St,Trinity-Bellwoods 
193,7208,80 Clinton St (North of College),Palmerston-Little Italy 
194,7209,Ossington Ave / Harrison St,Trinity-Bellwoods 
195,7210,Mary McCormick Rec Centre (Sheridan Ave),Little Portugal 
196,7211,Fort York Blvd / Garrison Rd,Niagara 
197,7216,Wellington St W / Stafford St,Niagara 
198,7217,Soho St / Queen St W,Kensington-Chinatown 
199,7220,Lake Shore Blvd W / Ellis Ave,South Parkdale 
200,7221,High Park Subway Station,High Park North 
201,7222,Sunnyside - Gus Ryder Pool,South Parkdale 
202,7223,Parkside Dr / Bloor St W - SMART,High Park-Swansea 
203,7224,Bloor St W / High Park Ave (High Park),High Park-Swansea 
204,7225,Lake Shore Blvd W / Windermere Ave,South Parkdale 
205,7226,Lake Shore Blvd W / The Boulevard Club,South Parkdale 
206,7227,Martin Goodman Trail (Marilyn Bell Park),South Parkdale 
207,7228,Queen St W / Roncesvalles Ave,South Parkdale 
208,7229,Dundas St W / Roncesvalles Green P - SMART,Roncesvalles 
209,7230,Garden Ave / Roncesvalles Ave,Roncesvalles 
210,7231,Wright / Sorauren (Sorauren Park) - SMART,Roncesvalles 
211,7232,Queen St W  /  Fuller Ave - SMART,Roncesvalles 
212,7233,King / Cowan Ave - SMART,South Parkdale 
213,7234,Roncesvalles Ave / Marmaduke St,High Park-Swansea 
214,7235,Bay St / College St (West Side) - SMART,Bay Street Corridor 
215,7236,Thompson St / Broadview Ave - SMART,South Riverdale 
216,7237,Ward Ave / Wallace Ave,Dovercourt-Wallace Emerson-Junction 
217,7238,Sorauren/Geoffrey (Sorauren Park) - SMART,Roncesvalles 
218,7239,Bloor St W / Manning Ave - SMART,Palmerston-Little Italy 
219,7240,Bloor St W / Shaw Ave - SMART,Palmerston-Little Italy 
220,7241,519 Church St - SMART,Church-Yonge Corridor 
221,7242,Lake Shore Blvd W / Ontario Dr,Niagara 
222,7243,Exhibition GO Station,Niagara 
223,7244,Dufferin Gate - SMART,Niagara 
224,7245,Tecumseth St / Queen St W - SMART,Niagara 
225,7246,Yonge St / Bloor St,Church-Yonge Corridor 
226,7247,Howard Park Ave / Dundas St W - SMART,Roncesvalles 
227,7248,Baldwin Ave / Spadina Ave - SMART,Kensington-Chinatown 
228,7249,Dovercourt Rd / Harrison St (Green P) - SMART,Trinity-Bellwoods 
229,7250,St. George St / Russell St - SMART,University 
230,7251,The Royal Ontario Museum (Bloor St Entrance),Bay Street Corridor 
231,7252,Robert St / Bloor St W - SMART,University 
232,7253,John St  / Mercer St - SMART,Waterfront Communities-The Island 
233,7255,Stewart St / Bathurst St  - SMART,Waterfront Communities-The Island 
234,7256,Vanauley St / Queen St W - SMART,Kensington-Chinatown 
235,7257,Dundas St W / St. Patrick St,Kensington-Chinatown 
236,7258,Queen St E / Rushbrooke Ave,South Riverdale 
237,7259,Lower Spadina Ave / Lake Shore Blvd,Waterfront Communities-The Island 
238,7260,Spadina Ave / Adelaide St W,Waterfront Communities-The Island 
239,7261,Queens Quay E / Lower Sherbourne St,Waterfront Communities-The Island 
240,7262,Wychwood Ave / Benson Ave - SMART,Wychwood 
241,7263,Walton St / Elizabeth St - SMART,Bay Street Corridor 
242,7264,Bloor St E / Huntley St - SMART,North St.James Town 
243,7265,Wallace Ave / Symington Ave - SMART,Dovercourt-Wallace Emerson-Junction 
244,7266,Victoria Park Subway Station - SMART,Oakridge 
245,7267,Dundas St E / Pembroke St - SMART,Moss Park 
246,7268,111 Bond St (North of Dundas St E)  - SMART,Church-Yonge Corridor 
247,7269,Toronto Eaton Centre (Yonge St),Bay Street Corridor 
248,7270,Church St / Dundas St E - SMART,Church-Yonge Corridor 
249,7271,Yonge St / Alexander St - SMART,Church-Yonge Corridor 
250,7272,Yonge St / Dundonald St - SMART,Church-Yonge Corridor 
251,7273,Bay St / Charles St - SMART,Bay Street Corridor 
252,7274,Queen's Park Cres E / Grosvenor St - SMART,Bay Street Corridor 
253,7275,Queen St W / James St,Bay Street Corridor 
254,7276,Bloor St W / Balmuto St,Bay Street Corridor 
255,7277,Chorley Park - SMART,Rosedale-Moore Park 
256,7278,Mallon Ave / Jones Ave -SMART,South Riverdale 
257,7279,Rosehill Ave / Avoca Ave - SMART,Rosedale-Moore Park 
258,7280,Charles St E / Jarvis St - SMART,Church-Yonge Corridor 
259,7281,Charles St W / Balmuto St - SMART,Bay Street Corridor 
260,7282,Adelaide St W / Bay St - SMART,Bay Street Corridor 
261,7283,Front St W / Bay St (South Side),Waterfront Communities-The Island 
262,7284,University Ave / King St W - SMART,Bay Street Corridor 
263,7285,Spadina Ave / Harbord St - SMART,University 
264,7286,Gerrard St E / Broadview - SMART,North Riverdale 
265,7287,Queen St E / Pape Ave - SMART,South Riverdale 
266,7288,Humber Bay Shores Park West,Mimico 
267,7289,Humber Bay Shores Park East,Mimico 
268,7291,190 Queens Quay E,Waterfront Communities-The Island 
269,7292,Granby St / Church St - SMART,Church-Yonge Corridor 
270,7293,College St / McCaul St,Kensington-Chinatown 
271,7296,Westmoreland Ave / Fernbank Ave,Dovercourt-Wallace Emerson-Junction 
272,7297,Havelock St / Dufferin Park,Dufferin Grove 
273,7298,Bathurst St / Adelaide St W,Niagara 
274,7299,Mill St / Parliament St,Waterfront Communities-The Island 
275,7301,Primrose Ave / Davenport Rd,Dovercourt-Wallace Emerson-Junction 
276,7302,Winona Dr / Davenport Rd,Wychwood 
277,7303,Queen St E / Woodward Ave,Greenwood-Coxwell 
278,7309,Queen St. E / Rhodes Ave.,Greenwood-Coxwell 
279,7311,Sherbourne St / Isabella St,North St.James Town 
280,7312,Amelia St. / Sumach St.,Cabbagetown-South St.James Town 
281,7313,Coxwell Ave /  Lake Shore Blvd E,The Beaches 
282,7314,Queen St. E / Eastern Ave,The Beaches 
283,7315,Queen St E / Hammersmith Ave,The Beaches 
284,7316,Queen St. E / Spruce Hill Rd.,The Beaches 
285,7317,Hubbard Blvd / Balsam Av,The Beaches 
286,7318,Hubbard Blvd. / Glen Manor Dr.,The Beaches 
287,7319,Lake Shore Blvd E / Knox Ave,The Beaches 
288,7320,Front St W / University Ave (1),Bay Street Corridor 
289,7321,Front St W / University Ave (2),Bay Street Corridor 
290,7322,E Liberty St / Western Battery Rd,Niagara 
291,7323,457 King St. W. at Spadina,Waterfront Communities-The Island 
292,7324,King St W / Charlotte St (West Side),Waterfront Communities-The Island 
293,7326,Davenport Rd / Lansdowne Ave,Corso Italia-Davenport 
294,7327,Davenport Rd / Oakwood Rd - SMART,Dovercourt-Wallace Emerson-Junction 
295,7328,Roxborough St W / Yonge St,Annex 
296,7329,Crawford St / Queen St W,Trinity-Bellwoods 
297,7330,Lee Ave / Queen St E,The Beaches 
298,7331,Coxwell Ave / Plains Rd,Old East York 
299,7332,200 Bloor St. E.,Rosedale-Moore Park 
300,7333,King St E / Victoria St,Church-Yonge Corridor 
301,7334,Simcoe St / Wellington St North,Bay Street Corridor 
302,7335,Bay St / Bloor St W (West Side),Bay Street Corridor 
303,7336,Queen St E / Alton Av,South Riverdale 
304,7337,Gerrard Square Mall (1010 Gerrard St E),South Riverdale 
305,7338,Logan Ave / Bain Ave,North Riverdale 
306,7339,Carlaw Ave / Strathcona Ave,North Riverdale 
307,7340,Blake St / Boultbee Ave,Blake-Jones 
308,7341,Eastern Ave / Winnifred Ave,South Riverdale 
309,7342,Morse St / Eastern Ave,South Riverdale 
310,7343,Alton Ave / Dundas St E (Greenwood Park),South Riverdale 
311,7344,Cherry Beach,South Riverdale 
312,7345,Cherry Beach Sports Field (55 Unwin Ave),South Riverdale 
313,7346,Logan Av / Gerrard St E,North Riverdale 
314,7347,Regal Rd / Dufferin St,Corso Italia-Davenport 
315,7348,Pape Ave / Gamble Ave,Broadview North 
316,7349,Gamble Ave / Broadview Ave,Broadview North 
317,7350,Broadview Ave / Westwood Ave,Broadview North 
318,7351,Pretoria Av / Broadview Av,Playter Estates-Danforth 
319,7352,Cosburn Ave / Donlands Ave,Danforth East York 
320,7353,Fulton Ave / Pape Ave,Broadview North 
321,7354,Tommy Thompson Park (Leslie Street Spit),South Riverdale 
322,7355,Beltline Trail / Chaplin Cres.,Forest Hill North 
323,7356,King St E / Ontario St.,Moss Park 
324,7357,Lake Shore Blvd E / Leslie St,South Riverdale 
325,7359,Rosedale Park (20 Schofield Ave),Rosedale-Moore Park 
326,7360,Concord Av / Dewson St,Palmerston-Little Italy 
327,7361,Hocken Ave./Vaughan Rd.,Wychwood 
328,7362,St Clair Ave W / Bathurst St.,Wychwood 
329,7363,Wells Hill Ave / St Clair Ave W,Casa Loma 
330,7364,Queen St E / Nursewood Rd (Neville Park Loop),The Beaches 
331,7365,Kew Beach Ave / Kenilworth Ave,The Beaches 
332,7366,Fort York Blvd / Bathurst St SMART,Waterfront Communities-The Island 
333,7367,Alma Ave / Gladstone Ave SMART,Little Portugal 
334,7368,Lisgar St / Dundas St SMART,Little Portugal 
335,7369,Dupont St / Emerson Ave SMART,Dovercourt-Wallace Emerson-Junction 
336,7371,Eglinton Ave W / Henning Ave SMART,Yonge-Eglinton 
337,7372,Adelaide St W / Portland St,Waterfront Communities-The Island 
338,7373,George St / King St E,Moss Park 
339,7374,Frederick St / The Esplanade,Waterfront Communities-The Island 
340,7375,Front St E / Scott St,Church-Yonge Corridor 
341,7376,Frobisher Ave / Lascelles Blvd,Yonge-Eglinton 
342,7377,Balliol St / Yonge St  SMART,Mount Pleasant West 
343,7378,Yonge St / Davisville Ave,Yonge-Eglinton 
344,7379,Lawton Blvd / Yonge St,Yonge-St.Clair 
345,7380,Erskine Ave / Yonge St SMART,Mount Pleasant West 
346,7381,Yonge St / Orchard View Blvd,Yonge-Eglinton 
347,7382,Simcoe St / Adelaide St W,Bay Street Corridor 
348,7383,12 Harbour St,Waterfront Communities-The Island 
349,7384,Cumberland Ave / Bay St SMART,Annex 
350,7385,20 Charles St E,Church-Yonge Corridor 
351,7386,D'Arcy St. /McCaul St. SMART,Kensington-Chinatown 
352,7387,Mortimer Ave / Carlaw Ave SMART,Broadview North 
353,7388,Broadview Ave / Danforth Ave,Playter Estates-Danforth 
354,7389,College Park- Gerrard Entrance,Bay Street Corridor 
355,7391,Yonge St / Dundas Sq,Church-Yonge Corridor 
356,7392,Woodbine Subway Green P SMART,East End-Danforth 
357,7395,Dentonia Park,Taylor-Massey 
358,7398,York St / Lakeshore St W - South,Waterfront Communities-The Island 
359,7399,Lower Jarvis / Queens Quay E,Waterfront Communities-The Island 
360,7400,Polson Pier,South Riverdale 
361,7403,Lascelles Blvd / Eglinton Ave W,Yonge-Eglinton 
362,7404,Roehampton Ave / Mount Pleasant Rd,Mount Pleasant West 
363,7406,Victoria St / Queen St E,Church-Yonge Corridor 
364,7407,University Ave / Queen St W,Bay Street Corridor 
365,7408,University Ave / Armoury St,Kensington-Chinatown 
366,7409,Isabella St / Church St,Church-Yonge Corridor 
367,7410,Howard St / Rose Ave,North St.James Town 
368,7411,Little Norway Park,Niagara 
369,7412,King St W / Crawford St,Niagara 
370,7413,Dundas St W / Watkinson Ave,Junction Area 
371,7414,Keele St / Annette St,Junction Area 
372,7415,Keele St / Vine Ave,Junction Area 
373,7416,Spadina Ave / Blue Jays Way,Waterfront Communities-The Island 
374,7417,King St W / Jordan St,Bay Street Corridor 
375,7418,College Park - Yonge St Entrance,Bay Street Corridor 
376,7419,Bloor St W / Huron St,University 
377,7420,Barton St / Howland St - SMART,Annex 
378,7422,Tyndall Ave / King St W - SMART,South Parkdale 
379,7423,Merton St / Al Green Ln,Mount Pleasant West 
380,7424,Merton St / Mount Pleasant Rd,Mount Pleasant West 
381,7425,The Queensway at South Kingsway,High Park-Swansea 
382,7426,Fleet St / Garrison Rd (Fort York),Niagara 
383,7427,Northern Dancer Blvd / Lake Shore Blvd E,South Riverdale 
384,7428,Woodbine Ave / Lake Shore Blvd E,South Riverdale 
385,7429,Woodbine Subway Station,Danforth East York 
386,7430,Marilyn Bell Park Tennis Court,South Parkdale 
387,7431,Gerrard St E / Leslie St,South Riverdale 
388,7432,Frederick St / King St E,Moss Park 
389,7433,Dundas St E / Boulton Ave - SMART,South Riverdale 
390,7434,Via Italia / Mackay Ave,Corso Italia-Davenport 
391,7435,Rushton Rd / St Clair Ave W,Wychwood 
392,7437,Concord Ave / Bloor St W,Dovercourt-Wallace Emerson-Junction 
393,7438,High Park Subway,High Park North 
394,7440,Martin Goodman Trail / Ontario Dr,Niagara 
395,7441,Pacific Ave / Glenlake Ave,High Park North 
396,7442,Lonsdale Rd / Spadina Rd,Forest Hill South 
397,7443,Dundas St E / George St,Moss Park 
398,7444,Clendenan Ave / Rowland St - SMART,High Park North 
399,7445,Eastwood Rd / Coxwell Ave,Woodbine Corridor 
400,7446,Orchard Park,Woodbine Corridor 
401,7447,Trent Ave / Danforth Ave,East End-Danforth 
402,7448,Goodwood Park Ct / Dentonia Park,Taylor-Massey 
403,7449,Cosburn Ave / Cedarvale Ave,Woodbine-Lumsden 
404,7450,Carlaw Ave / Danforth Ave,North Riverdale 
405,7451,Western Battery Rd / Pirandello St,Niagara 
406,7452,Bleecker St / St James Ave,North St.James Town 
407,7453,Jarvis St / Maitland Pl,Cabbagetown-South St.James Town 
408,7454,Pottery Rd / Lower Don River Trail,Broadview North 
409,7455,E.T. Seton Park (Eglinton Ave E / Leslie St),Flemingdon Park 
410,7457,Queen's Park Cres W / Hoskin Ave,University 
411,7458,Church St / Lombard St,Church-Yonge Corridor 
412,7459,St Clair Ave W / Winona Ave,Wychwood 
413,7460,High Park Outdoor Pool,High Park-Swansea 
414,7461,High Park Amphitheatre,High Park-Swansea 
415,7462,Richmond St E / Yonge St,Church-Yonge Corridor 
416,7463,Adelaide St W / Brant St,Waterfront Communities-The Island 
417,7465,Russell Hill Rd / St Clair Ave W,Casa Loma 
418,7466,Glendonwynne Ave / Bloor St W,High Park North 
419,7467,Lower Simcoe St / Bremner Blvd,Waterfront Communities-The Island 
420,7468,Front St / Simcoe St,Waterfront Communities-The Island 
421,7469,Wellington St W / York St,Bay Street Corridor 
422,7471,Lake Shore Blvd W / Louisa St,Mimico 
423,7472,Dundas St E / Victoria St,Church-Yonge Corridor 
424,7473,Adelaide St W / Strachan Ave,Niagara 
425,7474,Clarence Square,Waterfront Communities-The Island 
426,7475,Jarvis St / Richmond St E,Moss Park 
427,7476,Symington Ave / Dupont St,Dovercourt-Wallace Emerson-Junction 
428,7477,Antler St / Campbell Ave - SMART,Dovercourt-Wallace Emerson-Junction 
429,7478,Ellis Ave / The Queensway,High Park-Swansea 
430,7479,Jane St / Bloor St W (Jane Subway Station),Lambton Baby Point 
431,7480,Neil McLellan Park,Runnymede-Bloor West Village 
432,7482,Danforth Ave / Sibley Ave,Taylor-Massey 
433,7483,Southwood Dr / Kingston Rd - SMART,The Beaches 
434,7484,Briar Hill Ave / Yonge St - SMART,Yonge-Eglinton 
435,7485,Blythwood Rd / Yonge St - SMART,Mount Pleasant East 
436,7486,Gerrard St E / Ted Reeve Dr,East End-Danforth 
437,7487,Eastwood Rd / Woodbine Ave - SMART,Woodbine Corridor 
438,7488,Summerhill Ave / Maclennan Ave,Rosedale-Moore Park 
439,7489,Sumach St  / Queen St E,Moss Park 
440,7491,D'Arcy St / Spadina Ave - SMART,Kensington-Chinatown 
441,7492,324 Cherry St,Waterfront Communities-The Island 
442,7493,Sackville St / Eastern Ave - SMART,Moss Park 
443,7494,Davenport Rd / McAlpine St - SMART,Annex 
444,7496,Sunnyside Ave / The Queensway - SMART,High Park-Swansea 
445,7497,128 Sterling Ave - SMART,Dufferin Grove 
446,7501,Humberside Grounds - SMART,High Park North 
447,7502,University Ave / College St (East),Bay Street Corridor 
448,7503,Gerrard St E / Malvern Ave - SMART,East End-Danforth 
449,7504,Gerrard St E / Victoria Park Ave - SMART,East End-Danforth 
450,7505,Ontario St / Adelaide St E -SMART,Moss Park 
451,7506,Berkeley St / Adelaide St E - SMART,Moss Park 
452,7508,Berkeley St / Dundas St E - SMART,Moss Park 
453,7509,Ontario St / King St E,Moss Park 
454,7514,Humber Bay Shores Park / Marine Parade Dr,Mimico 
455,7515,Amos Waites Park,Mimico 
456,7516,Superior Ave / Lake Shore Blvd W,Mimico 
457,7517,Ripley Ave / Ormskirk Ave,High Park-Swansea 
458,7518,Lake Shore Blvd W / Colborne Lodge Dr,South Parkdale 
459,7519,406 Oakwood Ave,Oakwood Village 
460,7520,St Clarens Ave / Shirley Ave,Little Portugal 
461,7521,Emerson Ave / Bloor St W,Dovercourt-Wallace Emerson-Junction 
462,7522,Wallace Ave / Pauline Ave,Dovercourt-Wallace Emerson-Junction 
463,7523,Lynn Williams St / East Liberty St - SMART,Niagara 
464,7524,Lisgar Park,Little Portugal 
465,7525,Fennings St / Queen St W,Trinity-Bellwoods 
466,7526,Bartlett Parkette,Dovercourt-Wallace Emerson-Junction 
467,7527,Joseph J Piccininni Community Centre,Corso Italia-Davenport 
468,7528,Spadina Rd / Austin Terrace,Casa Loma 
469,7529,Symington Ave / Davenport Rd,Weston-Pellam Park 
470,7530,Sherbourne St N / Elm Ave,Rosedale-Moore Park 
471,7531,541 Huron St - SMART,Annex 
472,7533,Housey St / Dan Leckie Way,Waterfront Communities-The Island 
473,7534,Walnut Ave / Queen St W,Niagara 
474,7535,Wolsley St / Palmerston Ave - SMART,Trinity-Bellwoods 
475,7536,Palmerston Ave / Dundas St W,Trinity-Bellwoods 
476,7537,Euclid Ave / Herrick St - SMART,Palmerston-Little Italy 
477,7538,Vaughan Rd /Wychwood Ave,Humewood-Cedarvale 
478,7539,Davisville Ave / Pailton Cres,Mount Pleasant West 
479,7540,Alvin Ave / St Clair Ave E,Rosedale-Moore Park 
480,7541,Bellwoods Ave / Treford Pl - SMART,Trinity-Bellwoods 
481,7542,Queen St W / John St,Kensington-Chinatown 
482,7543,Nassau St / Bellevue Ave,Kensington-Chinatown 
483,7544,Foster Pl / Elizabeth St,Bay Street Corridor 
484,7545,Baldwin St / Henry St,Kensington-Chinatown 
485,7546,Ross St / Cecil St - SMART,Kensington-Chinatown 
486,7547,Orde St / McCaul St,Kensington-Chinatown 
487,7548,St Joseph St / Bay St - SMART,Bay Street Corridor 
488,7549,439 Sherbourne St,Cabbagetown-South St.James Town 
489,7551,The Esplanade / Hahn Pl,Waterfront Communities-The Island 
490,7552,Lake Shore Blvd W / Thirty Ninth Street,Long Branch 
491,7553,Lake Shore Blvd W / Twenty Fourth St,Long Branch 
492,7554,Humber College,New Toronto 
493,7555,Royal York Rd / Mimico Ave,Mimico 
494,7556,Windsor St / Newcastle St,Mimico 
495,7557,The Queensway / High St,Stonegate-Queensway 
496,7558,Berry Rd / Bell Manor Dr,Stonegate-Queensway 
497,7559,Swansea Community Centre,High Park-Swansea 
498,7560,Glenwood Ave / Runnymede Rd,High Park North 
499,7561,Annette St / Jane St,Runnymede-Bloor West Village 
500,7562,Priscilla  Ave / Dundas St W,Runnymede-Bloor West Village 
501,7563,St Clair Ave W / Castleton Ave,Rockcliffe-Smythe 
502,7564,Durie St / Dundas St W,Runnymede-Bloor West Village 
503,7565,St Clair Ave W / Gunns Rd,Junction Area 
504,7566,Weston Rd / St Clair Ave W - SMART,Junction Area 
505,7567,Weston Lions Park,Weston 
506,7568,Jameson Ave / Queen St W,South Parkdale 
507,7569,Toronto Inukshuk Park,Niagara 
508,7570,Carlaw Ave / Dundas St E,South Riverdale 
509,7571,Highfield Rd / Gerrard St E,Greenwood-Coxwell 
510,7572,Cosburn Ave / Durant Ave,Danforth East York 
511,7575,Bayview Ave / Lawren Harris Square,Waterfront Communities-The Island 
512,7576,Front St E / Bayview Avenue,Waterfront Communities-The Island 
513,7577,Oak St / Sumach St,Regent Park 
514,7578,Oak St / Parliament St,Regent Park 
515,7579,Glebe Rd W / Yonge St,Yonge-Eglinton 
516,7580,Hillsdale Ave W / Yonge St,Yonge-Eglinton 
517,7581,High Park Ave / Dundas St W,Junction Area 
518,7582,Alameda Ave / Vaughan Rd - SMART,Oakwood Village 
519,7583,Eglinton Ave W / Scarlett Rd,Humber Heights-Westmount 
520,7584,The Pond Rd / Sentinel Rd,York University Heights 
521,7585,Sentinel Rd / Finch Hydro Corridor,York University Heights 
522,7586,Finch West Subway Station,York University Heights 
523,7587,Dufferin St / Finch Hydro Recreational Trail,Bathurst Manor 
524,7588,G Ross Lord Park,Bathurst Manor 
525,7589,Torresdale Ave / Antibes Dr,Westminster-Branson 
526,7590,Esther Shiner Stadium,Westminster-Branson 
527,7591,Elwood Blvd / Avenue Rd,Yonge-Eglinton 
528,7593,Roehampton St / Bayview Ave,Mount Pleasant East 
529,7594,Fleming Cres / Bayview Ave,Leaside-Bennington 
530,7595,Moore Park,Rosedale-Moore Park 
531,7596,Langford Ave / Danforth Ave - SMART,Danforth 
532,7597,Yonge St / Golfdale Rd,Lawrence Park North 
533,7598,Teddington Park Ave,Lawrence Park North 
534,7599,Richmond St W / York St,Bay Street Corridor 
535,7600,Russell St / Huron St - SMART,University 
536,7601,Brick Works,Leaside-Bennington 
537,7602,Woodbine Ave / O'Connor Dr,Old East York 
538,7603,O'Connor Dr / Curity Ave - SMART,O'Connor-Parkview 
539,7604,St Columba Pl / St Clair Ave E,O'Connor-Parkview 
540,7605,Lumsden Ave / Eastdale Ave,Taylor-Massey 
541,7606,Dawes Rd / Taylor Creek Trl,O'Connor-Parkview 
542,7607,Fairmount Park,Woodbine Corridor 
543,7608,Wilket Creek Park,Leaside-Bennington 
544,7609,Sunnybrook Park,Bridle Path-Sunnybrook-York Mills 
545,7610,Kingston Rd / Beech Ave,The Beaches 
546,7611,Victoria Park Ave / Danforth Ave,Taylor-Massey 
547,7612,Livingston Rd / Guildwood Pkwy,Guildwood 
548,7613,Livingston Rd (Highland Creek Trail),West Hill 
549,7614,Morningside Park (Highland Creek Trail),Morningside 
550,7615,Colonel Danforth Park,West Hill 
551,7616,Waterfront Trail (Rouge Hill),Rouge 
552,7617,Starspray Ave / Lawrence Ave E,Rouge 
553,7618,Vaughan Rd / Oakwood Ave,Oakwood Village 
554,7619,Braemar Ave / Eglinton Ave W,Yonge-Eglinton 
555,7620,Eglinton Ave E / Redpath Ave,Mount Pleasant West 
556,7621,Long Branch GO Station,Long Branch 
557,7622,Marie Curtis Park,Long Branch 
558,7623,Royal York Rd / Lake Shore Blvd W,Mimico 
559,7624,Guildwood GO Station (South),Guildwood 
560,7625,Yonge St / Lawrence Ave,Lawrence Park North 
561,7626,Rouge Hill GO Station,Rouge 
562,7627,Shaw St / Essex St - SMART,Dovercourt-Wallace Emerson-Junction 
563,7629,Lundy Ave / Etienne Brule Park,Lambton Baby Point 
564,7630,Twelfth St / Thirteenth St,New Toronto 
565,7631,Florence Gell Park,Lambton Baby Point 
566,7632,Chiltern Hill Rd / Eglinton Ave W,Humewood-Cedarvale 
567,7633,Noble St / Queen St W,Roncesvalles 
568,7634,University Ave / Gerrard St W (WEST) - SMART,Kensington-Chinatown 
569,7635,Runnymede Rd / Annette St,Runnymede-Bloor West Village 
570,7636,Bloor St W / Riverside Ave,High Park-Swansea 
571,7637,Judson St / Royal York,Mimico 
572,7639,135 Queens Wharf  - SMART,Waterfront Communities-The Island 
573,7640,Spadina Rd / St.Clair Ave West,Casa Loma 
574,7641,Annette St / Dundas W,Junction Area 
575,7642,Yonge St / St Clair Ave,Rosedale-Moore Park 
576,7643,Oriole Pkwy / Kilbarry Rd,Forest Hill South 
577,7644,East Lynn Ave / Danforth Ave,Woodbine Corridor 
578,7645,University of Toronto Scarborough,Highland Creek 
579,7646,University Ave / Richmond St W,Bay Street Corridor 
580,7647,Elm St/ University Ave (East Side),Bay Street Corridor 
581,7648,909 Yonge St,Rosedale-Moore Park 
582,7650,St Clair W Subway - Heath Entrance,Forest Hill South 
583,7653,Bloor St W / Indian Rd,High Park North 
584,7654,Bloor St W / Pacific Ave,High Park North 
585,7655,Danforth Ave / Dewhurst Blvd,Danforth 
586,7656,Bloor St W / Brock Ave,Dufferin Grove 
587,7657,1 Market St - SMART,Waterfront Communities-The Island 
588,7658,Kings Mill Park,Kingsway South 
589,7659,Amroth Ave / Danforth Ave,East End-Danforth 
590,7660,285 Victoria St,Church-Yonge Corridor 
591,7662,Beaty Ave / Queen St W,South Parkdale 
592,7663,Kilgour Rd / Rumsey Rd,Bridle Path-Sunnybrook-York Mills 
593,7664,Sunnybrook Health Centre - L Wing,Bridle Path-Sunnybrook-York Mills 
594,7665,Sunnybrook Health Centre - S Wing,Bridle Path-Sunnybrook-York Mills 
595,7666,Dundas St W / St Helen Ave - SMART,Dufferin Grove 
596,7667,Spadina Ave / Sussex Ave - SMART,University 
597,7668,Simcoe St / Dundas St W - SMART,Kensington-Chinatown 
598,7670,Yonge St / Woburn Ave - SMART,Lawrence Park North 
599,7671,Yonge St / Montgomery Ave - SMART,Yonge-Eglinton 
600,7675,1525 Dundas St,Little Portugal 
601,7676,York University (Glendon Campus) - SMART,Bridle Path-Sunnybrook-York Mills 
602,7677,1303 Yonge St - SMART,Rosedale-Moore Park 
603,7678,York University Station (South) - SMART,York University Heights 
604,7679,York University Station (North),York University Heights 
605,7680,Princes Gate / Nunavut Dr,Niagara 
606,7681,25 Booth Ave,South Riverdale 
607,7682,Bathurst St / Front St W,Waterfront Communities-The Island 
608,7683,Bay St / Harbour St (West),Waterfront Communities-The Island 
609,7684,Bay St / Harbour St (East),Waterfront Communities-The Island 
610,7685,King / Brant,Waterfront Communities-The Island 
611,7686,Lower Jarvis / The Esplanade,Waterfront Communities-The Island 
612,7687,Bloor / Gladstone - SMART,Dovercourt-Wallace Emerson-Junction 
613,7688,High Park Blvd / Parkside Dr,High Park-Swansea 
614,7689,20 Eaton,Danforth 
615,7691,Christie St / Dupont St,Annex 
616,7692,85 Lee Ave,The Beaches 
617,7693,Mutual St / Shuter St (Arena Gardens) - SMART,Church-Yonge Corridor 
